기준년월,지역,방문자수,전년동월방문자수,방문자수증감률
202301,강원,12597830.0,7250050.0,73.8
202302,강원,11172693.0,8956532.0,24.7
202303,강원,12137069.0,8870246.0,36.8
202304,강원,11124407.0,9608966.0,15.8
202305,강원,12463906.0,11261408.0,10.7
202306,강원,12256020.0,10626220.0,15.3
202307,강원,14632016.0,13370077.0,9.4
202308,강원,17064232.0,14466599.0,18.0
202309,강원,13470664.0,12037798.0,11.9
202310,강원,13862968.0,12728950.0,8.9
202311,강원,9826512.0,10038665.0,-2.1
202312,강원,11240540.0,11006163.0,2.1
202401,강원,11012484.0,11933170.0,-7.7
202402,강원,11603196.0,9681742.0,19.8
202403,강원,11103208.0,10240909.0,8.4
202404,강원,10293034.0,11681436.0,-11.9
202405,강원,12363662.0,13157494.0,-6.0
202406,강원,12718976.0,12607371.0,0.9
202407,강원,13323723.0,16093592.0,-17.2
202408,강원,17822672.0,17695688.0,0.7
202409,강원,13037696.0,13292566.0,-1.9
202410,강원,12736710.0,15159102.0,-16.0
202411,강원,10450898.0,11238766.0,-7.0
202412,강원,10152044.0,10482426.0,-3.2
202501,강원,12907489.0,12597830.0,2.5
202502,강원,9314914.0,11172693.0,-16.6
202503,강원,11053553.0,12137069.0,-8.9
202504,강원,9577078.0,11124407.0,-13.9
202505,강원,14326288.0,12463906.0,14.9
202506,강원,12584078.0,12256020.0,2.7
202507,강원,15020740.0,14632016.0,2.7
202508,강원,18293898.0,17064232.0,7.2
202509,강원,10976266.0,13470664.0,-18.5
202510,강원,15613846.0,13862968.0,12.6
202511,강원,10941196.0,9826512.0,11.3
202512,강원,10625867.0,11240540.0,-5.5
202301,경기,48846553.0,38960540.0,25.4
202302,경기,46803474.0,41815820.0,11.9
202303,경기,56997493.0,50924030.0,11.9
202304,경기,48758787.0,44118207.0,10.5
202305,경기,53506996.0,48270170.0,10.8
202306,경기,50799192.0,44982304.0,12.9
202307,경기,55130334.0,45074172.0,22.3
202308,경기,53860835.0,45105988.0,19.4
202309,경기,56542360.0,49034394.0,15.3
202310,경기,55608368.0,50078486.0,11.0
202311,경기,49313824.0,46652592.0,5.7
202312,경기,51198168.0,45761380.0,11.9
202401,경기,49665494.0,46080706.0,7.8
202402,경기,51071608.0,39137976.0,30.5
202403,경기,58818284.0,48895206.0,20.3
202404,경기,48147239.0,52298978.0,-7.9
202405,경기,54328120.0,53124978.0,2.3
202406,경기,50334725.0,48851086.0,3.0
202407,경기,51902616.0,53632761.0,-3.2
202408,경기,53824900.0,52129088.0,3.2
202409,경기,53665812.0,54915374.0,-2.3
202410,경기,54792412.0,55480089.0,-1.2
202411,경기,49315980.0,49986769.0,-1.3
202412,경기,49570717.0,47868415.0,3.6
202501,경기,51400685.0,48846553.0,5.2
202502,경기,46151301.0,46803474.0,-1.4
202503,경기,58499192.0,56997493.0,2.6
202504,경기,48216364.0,48758787.0,-1.1
202505,경기,64063209.0,53506996.0,19.7
202506,경기,53838260.0,50799192.0,6.0
202507,경기,57472919.0,55130334.0,4.2
202508,경기,56973802.0,53860835.0,5.8
202509,경기,54202012.0,56542360.0,-4.1
202510,경기,60667824.0,55608368.0,9.1
202511,경기,54842274.0,49313824.0,11.2
202512,경기,53716334.0,51198168.0,4.9
202301,경남,13453380.0,9650466.0,39.4
202302,경남,10716444.0,10975874.0,-2.4
202303,경남,13747083.0,12046972.0,14.1
202304,경남,12409229.0,10733632.0,15.6
202305,경남,13463142.0,12268557.0,9.7
202306,경남,12251466.0,11063090.0,10.7
202307,경남,13185414.0,12215760.0,7.9
202308,경남,13917960.0,12497146.0,11.4
202309,경남,14429852.0,13200061.0,9.3
202310,경남,14060358.0,12799020.0,9.8
202311,경남,11783051.0,11603750.0,1.6
202312,경남,11895552.0,11157531.0,6.6
202401,경남,11814030.0,12246958.0,-3.5
202402,경남,13294386.0,10249638.0,29.7
202403,경남,13939258.0,11534068.0,20.8
202404,경남,12228500.0,11729704.0,4.2
202405,경남,13627922.0,13192053.0,3.3
202406,경남,12324452.0,11862896.0,3.9
202407,경남,12951582.0,13922272.0,-7.0
202408,경남,14470470.0,14251111.0,1.5
202409,경남,14499026.0,13581410.0,6.8
202410,경남,13456359.0,14014399.0,-4.0
202411,경남,12554129.0,11906342.0,5.4
202412,경남,12071990.0,11490090.0,5.1
202501,경남,14223377.0,13453380.0,5.7
202502,경남,10676880.0,10716444.0,-0.4
202503,경남,14043614.0,13747083.0,2.2
202504,경남,12217548.0,12409229.0,-1.5
202505,경남,16480516.0,13463142.0,22.4
202506,경남,13076816.0,12251466.0,6.7
202507,경남,14177586.0,13185414.0,7.5
202508,경남,15244355.0,13917960.0,9.5
202509,경남,12865738.0,14429852.0,-10.8
202510,경남,17743358.0,14060358.0,26.2
202511,경남,13336421.0,11783051.0,13.2
202512,경남,12601638.0,11895552.0,5.9
202301,경북,15381562.0,10043806.0,53.1
202302,경북,12768598.0,12326783.0,3.6
202303,경북,15815412.0,13524528.0,16.9
202304,경북,14299614.0,12378037.0,15.5
202305,경북,15863477.0,14153489.0,12.1
202306,경북,14257464.0,12872265.0,10.8
202307,경북,14858112.0,14078589.0,5.5
202308,경북,16106328.0,14931144.0,7.9
202309,경북,17545112.0,16078902.0,9.1
202310,경북,16335529.0,15094555.0,8.2
202311,경북,13577750.0,13636931.0,-0.4
202312,경북,13307158.0,12132012.0,9.7
202401,경북,12511264.0,13554852.0,-7.7
202402,경북,15122352.0,11606052.0,30.3
202403,경북,15949031.0,13033062.0,22.4
202404,경북,13984960.0,13207148.0,5.9
202405,경북,15236210.0,14766157.0,3.2
202406,경북,14584682.0,14416454.0,1.2
202407,경북,14535829.0,19060265.0,-23.7
202408,경북,16327990.0,17090580.0,-4.5
202409,경북,17772055.0,16975298.0,4.7
202410,경북,15215711.0,16661022.0,-8.7
202411,경북,14450076.0,14021455.0,3.1
202412,경북,12902830.0,12950914.0,-0.4
202501,경북,15681267.0,15381562.0,2.0
202502,경북,11679854.0,12768598.0,-8.5
202503,경북,15764598.0,15815412.0,-0.3
202504,경북,13674644.0,14299614.0,-4.4
202505,경북,17858897.0,15863477.0,12.6
202506,경북,14884247.0,14257464.0,4.4
202507,경북,15742506.0,14858112.0,6.0
202508,경북,17657910.0,16106328.0,9.6
202509,경북,15235038.0,17545112.0,-13.2
202510,경북,20209777.0,16335529.0,23.7
202511,경북,15639757.0,13577750.0,15.2
202512,경북,13758563.0,13307158.0,3.4
202301,광주,5699004.0,4092193.0,39.3
202302,광주,4753595.0,4255702.0,11.7
202303,광주,6137498.0,5220736.0,17.6
202304,광주,4883260.0,4299554.0,13.6
202305,광주,5579196.0,4652966.0,19.9
202306,광주,5254522.0,4281182.0,22.7
202307,광주,5634500.0,4757102.0,18.4
202308,광주,5536346.0,4574930.0,21.0
202309,광주,6057485.0,5174897.0,17.1
202310,광주,5858604.0,5270066.0,11.2
202311,광주,5112068.0,4916513.0,4.0
202312,광주,5751242.0,4735213.0,21.5
202401,광주,5324910.0,5038960.0,5.7
202402,광주,5863064.0,4094433.0,43.2
202403,광주,6381004.0,5015115.0,27.2
202404,광주,5025839.0,4424724.0,13.6
202405,광주,5696786.0,4790734.0,18.9
202406,광주,5047304.0,5413726.0,-6.8
202407,광주,5418637.0,8823314.0,-38.6
202408,광주,5459874.0,5101632.0,7.0
202409,광주,6142353.0,5724212.0,7.3
202410,광주,5310602.0,5208298.0,2.0
202411,광주,5226662.0,4936614.0,5.9
202412,광주,5458786.0,5044186.0,8.2
202501,광주,6005433.0,5699004.0,5.4
202502,광주,4786684.0,4753595.0,0.7
202503,광주,6367256.0,6137498.0,3.7
202504,광주,4960490.0,4883260.0,1.6
202505,광주,6777337.0,5579196.0,21.5
202506,광주,5588569.0,5254522.0,6.4
202507,광주,6081985.0,5634500.0,7.9
202508,광주,6110727.0,5536346.0,10.4
202509,광주,5817150.0,6057485.0,-4.0
202510,광주,6892697.0,5858604.0,17.6
202511,광주,5623460.0,5112068.0,10.0
202512,광주,5967899.0,5751242.0,3.8
202301,대구,9140509.0,6444123.0,41.8
202302,대구,7667681.0,7142832.0,7.4
202303,대구,9281352.0,8140198.0,14.0
202304,대구,7756126.0,6832410.0,13.5
202305,대구,8309998.0,7490374.0,10.9
202306,대구,7660860.0,6551038.0,16.9
202307,대구,8671880.0,7286870.0,19.0
202308,대구,8535950.0,7115199.0,20.0
202309,대구,9472172.0,8100379.0,16.9
202310,대구,8771756.0,7604842.0,15.3
202311,대구,8178992.0,7358312.0,11.2
202312,대구,9167680.0,7584812.0,20.9
202401,대구,8261712.0,7872214.0,5.0
202402,대구,9364201.0,6499434.0,44.1
202403,대구,9740986.0,7580937.0,28.5
202404,대구,8089812.0,7043701.0,14.8
202405,대구,8712046.0,7745658.0,12.5
202406,대구,8480174.0,8342306.0,1.6
202407,대구,8595570.0,11791269.0,-27.1
202408,대구,8520806.0,8368224.0,1.8
202409,대구,9843592.0,8935346.0,10.2
202410,대구,8474102.0,8298854.0,2.1
202411,대구,8394152.0,7927122.0,5.9
202412,대구,8875338.0,8367874.0,6.1
202501,대구,9796276.0,9140509.0,7.2
202502,대구,7710644.0,7667681.0,0.6
202503,대구,9649934.0,9281352.0,4.0
202504,대구,7956084.0,7756126.0,2.6
202505,대구,10831156.0,8309998.0,30.3
202506,대구,8905631.0,7660860.0,16.2
202507,대구,9441796.0,8671880.0,8.9
202508,대구,9678942.0,8535950.0,13.4
202509,대구,9062876.0,9472172.0,-4.3
202510,대구,11060637.0,8771756.0,26.1
202511,대구,8954046.0,8178992.0,9.5
202512,대구,9380970.0,9167680.0,2.3
202301,대전,6835395.0,5104704.0,33.9
202302,대전,6167550.0,5419925.0,13.8
202303,대전,7722176.0,6787165.0,13.8
202304,대전,6231012.0,5154807.0,20.9
202305,대전,6633008.0,6001387.0,10.5
202306,대전,6603320.0,5498948.0,20.1
202307,대전,6724263.0,5568332.0,20.8
202308,대전,6901016.0,5248579.0,31.5
202309,대전,7443037.0,6334100.0,17.5
202310,대전,7162844.0,6139259.0,16.7
202311,대전,6487950.0,5940774.0,9.2
202312,대전,7097769.0,5913156.0,20.0
202401,대전,6595099.0,6145374.0,7.3
202402,대전,7114790.0,5129299.0,38.7
202403,대전,8228962.0,6585212.0,25.0
202404,대전,6436210.0,5670228.0,13.5
202405,대전,7160968.0,6578243.0,8.9
202406,대전,6725747.0,6082069.0,10.6
202407,대전,6913697.0,6574540.0,5.2
202408,대전,7173198.0,6363105.0,12.7
202409,대전,7723916.0,7251888.0,6.5
202410,대전,6889806.0,6649184.0,3.6
202411,대전,6779322.0,6176208.0,9.8
202412,대전,6898196.0,6403439.0,7.7
202501,대전,7260614.0,6835395.0,6.2
202502,대전,6460640.0,6167550.0,4.8
202503,대전,8171160.0,7722176.0,5.8
202504,대전,6651666.0,6231012.0,6.8
202505,대전,8580282.0,6633008.0,29.4
202506,대전,7276700.0,6603320.0,10.2
202507,대전,7589477.0,6724263.0,12.9
202508,대전,7848246.0,6901016.0,13.7
202509,대전,7691190.0,7443037.0,3.3
202510,대전,8235178.0,7162844.0,15.0
202511,대전,7559122.0,6487950.0,16.5
202512,대전,7623630.0,7097769.0,7.4
202301,부산,13161680.0,8749570.0,50.4
202302,부산,11221777.0,10115679.0,10.9
202303,부산,13128549.0,11716691.0,12.0
202304,부산,11330249.0,9099500.0,24.5
202305,부산,12296326.0,10615448.0,15.8
202306,부산,11523799.0,9893394.0,16.5
202307,부산,12601932.0,10355972.0,21.7
202308,부산,13071261.0,9714856.0,34.6
202309,부산,13391634.0,11099624.0,20.6
202310,부산,12300270.0,10952280.0,12.3
202311,부산,11317982.0,10487578.0,7.9
202312,부산,12699096.0,10860272.0,16.9
202401,부산,12205134.0,11368994.0,7.4
202402,부산,13042704.0,9877186.0,32.0
202403,부산,13459148.0,11363376.0,18.4
202404,부산,10744188.0,10067470.0,6.7
202405,부산,12526098.0,11842218.0,5.8
202406,부산,11750655.0,11178738.0,5.1
202407,부산,12553352.0,12475754.0,0.6
202408,부산,13472851.0,12622116.0,6.7
202409,부산,13618364.0,12278746.0,10.9
202410,부산,12008294.0,12013600.0,-0.0
202411,부산,11932462.0,10901740.0,9.4
202412,부산,12926788.0,12020771.0,7.5
202501,부산,14167030.0,13161680.0,7.6
202502,부산,11753406.0,11221777.0,4.7
202503,부산,13907002.0,13128549.0,5.9
202504,부산,10887390.0,11330249.0,-3.9
202505,부산,14881668.0,12296326.0,21.0
202506,부산,12654750.0,11523799.0,9.8
202507,부산,13879274.0,12601932.0,10.1
202508,부산,14639538.0,13071261.0,12.0
202509,부산,12990422.0,13391634.0,-3.0
202510,부산,15551704.0,12300270.0,26.4
202511,부산,13006564.0,11317982.0,14.9
202512,부산,13564702.0,12699096.0,6.8
202301,서울,47059016.0,35471954.0,32.7
202302,서울,46917710.0,37521838.0,25.0
202303,서울,54703464.0,46699880.0,17.1
202304,서울,44422917.0,38039834.0,16.8
202305,서울,48890608.0,41247518.0,18.5
202306,서울,47057941.0,40567944.0,16.0
202307,서울,49356132.0,37207586.0,32.6
202308,서울,48280838.0,37433896.0,29.0
202309,서울,50867548.0,40996662.0,24.1
202310,서울,49880316.0,43545894.0,14.6
202311,서울,48357250.0,44705472.0,8.2
202312,서울,51472754.0,42443996.0,21.3
202401,서울,49815776.0,42687078.0,16.7
202402,서울,46996436.0,36369476.0,29.2
202403,서울,58118126.0,45396211.0,28.0
202404,서울,44897276.0,47372241.0,-5.2
202405,서울,49137014.0,48937928.0,0.4
202406,서울,47087534.0,45081498.0,4.4
202407,서울,49290160.0,48614730.0,1.4
202408,서울,48888014.0,46582602.0,5.0
202409,서울,49670618.0,49772345.0,-0.2
202410,서울,52413634.0,50165734.0,4.5
202411,서울,48073140.0,47061364.0,2.2
202412,서울,51393122.0,48089780.0,6.9
202501,서울,48995110.0,47059016.0,4.1
202502,서울,48232079.0,46917710.0,2.8
202503,서울,57586168.0,54703464.0,5.3
202504,서울,46523312.0,44422917.0,4.7
202505,서울,58571541.0,48890608.0,19.8
202506,서울,51055210.0,47057941.0,8.5
202507,서울,54141650.0,49356132.0,9.7
202508,서울,51745726.0,48280838.0,7.2
202509,서울,54009456.0,50867548.0,6.2
202510,서울,52697897.0,49880316.0,5.6
202511,서울,54363256.0,48357250.0,12.4
202512,서울,55364449.0,51472754.0,7.6
202301,세종,2244179.0,1784976.0,25.7
202302,세종,2081051.0,1882944.0,10.5
202303,세종,2690496.0,2353246.0,14.3
202304,세종,2173804.0,2017064.0,7.8
202305,세종,2314770.0,2173392.0,6.5
202306,세종,2207464.0,2053776.0,7.5
202307,세종,2183846.0,2191490.0,-0.4
202308,세종,2293084.0,2142896.0,7.0
202309,세종,2455240.0,2280054.0,7.7
202310,세종,2419014.0,2259453.0,7.1
202311,세종,2105145.0,2057976.0,2.3
202312,세종,2236952.0,2193205.0,2.0
202401,세종,2178946.0,2160725.0,0.8
202402,세종,2266372.0,1850639.0,22.5
202403,세종,2718562.0,2364327.0,15.0
202404,세종,2256180.0,2166304.0,4.2
202405,세종,2356252.0,2409536.0,-2.2
202406,세종,2204114.0,2138423.0,3.1
202407,세종,2270026.0,2296676.0,-1.2
202408,세종,2345756.0,2212802.0,6.0
202409,세종,2514942.0,2478486.0,1.5
202410,세종,2371926.0,2395946.0,-1.0
202411,세종,2242244.0,2185176.0,2.6
202412,세종,2241348.0,2161842.0,3.7
202501,세종,2328333.0,2244179.0,3.8
202502,세종,2115362.0,2081051.0,1.6
202503,세종,2696484.0,2690496.0,0.2
202504,세종,2242636.0,2173804.0,3.2
202505,세종,2863542.0,2314770.0,23.7
202506,세종,2409796.0,2207464.0,9.2
202507,세종,2489851.0,2183846.0,14.0
202508,세종,2605267.0,2293084.0,13.6
202509,세종,2557275.0,2455240.0,4.2
202510,세종,2787890.0,2419014.0,15.2
202511,세종,2528068.0,2105145.0,20.1
202512,세종,2503879.0,2236952.0,11.9
202301,울산,4227856.0,3159408.0,33.8
202302,울산,3567974.0,3332346.0,7.1
202303,울산,4297657.0,3881640.0,10.7
202304,울산,3728946.0,3178290.0,17.3
202305,울산,4282096.0,3397219.0,26.0
202306,울산,3935680.0,3294207.0,19.5
202307,울산,4207273.0,3665564.0,14.8
202308,울산,4263844.0,3719037.0,14.6
202309,울산,4400263.0,3871354.0,13.7
202310,울산,4316970.0,3858267.0,11.9
202311,울산,3833921.0,3630480.0,5.6
202312,울산,3969553.0,3692266.0,7.5
202401,울산,4080860.0,3862282.0,5.7
202402,울산,4078756.0,3269906.0,24.7
202403,울산,4381202.0,3832140.0,14.3
202404,울산,3742526.0,3518260.0,6.4
202405,울산,4200990.0,4070675.0,3.2
202406,울산,4054438.0,3751818.0,8.1
202407,울산,4246560.0,4129534.0,2.8
202408,울산,4476150.0,4157220.0,7.7
202409,울산,4388674.0,4108692.0,6.8
202410,울산,4196966.0,4411883.0,-4.9
202411,울산,3989556.0,3741521.0,6.6
202412,울산,4100212.0,3828062.0,7.1
202501,울산,4449204.0,4227856.0,5.2
202502,울산,3724864.0,3567974.0,4.4
202503,울산,4375780.0,4297657.0,1.8
202504,울산,3717553.0,3728946.0,-0.3
202505,울산,4965352.0,4282096.0,16.0
202506,울산,4249840.0,3935680.0,8.0
202507,울산,4603697.0,4207273.0,9.4
202508,울산,4643642.0,4263844.0,8.9
202509,울산,4246564.0,4400263.0,-3.5
202510,울산,5081713.0,4316970.0,17.7
202511,울산,4393326.0,3833921.0,14.6
202512,울산,4230695.0,3969553.0,6.6
202301,인천,14079590.0,9594750.0,46.7
202302,인천,13018884.0,10380874.0,25.4
202303,인천,15411358.0,11998136.0,28.4
202304,인천,13465466.0,10670740.0,26.2
202305,인천,15536388.0,11897788.0,30.6
202306,인천,13956943.0,11255262.0,24.0
202307,인천,15029458.0,11092154.0,35.5
202308,인천,14945406.0,11266524.0,32.6
202309,인천,15726382.0,12437638.0,26.4
202310,인천,15355025.0,12355444.0,24.3
202311,인천,13630480.0,11359173.0,20.0
202312,인천,14953648.0,11211067.0,33.4
202401,인천,14453061.0,11538968.0,25.2
202402,인천,14805326.0,9861299.0,50.1
202403,인천,16074121.0,11605394.0,38.5
202404,인천,13695605.0,13028172.0,5.1
202405,인천,14948465.0,13286854.0,12.5
202406,인천,14347988.0,12327273.0,16.4
202407,인천,14459848.0,13940486.0,3.7
202408,인천,15299494.0,13734133.0,11.4
202409,인천,15702242.0,14614425.0,7.4
202410,인천,15178954.0,14407522.0,5.4
202411,인천,13933272.0,13095092.0,6.4
202412,인천,14421172.0,13403887.0,7.6
202501,인천,15377296.0,14079590.0,9.2
202502,인천,13275546.0,13018884.0,2.0
202503,인천,16062410.0,15411358.0,4.2
202504,인천,13153802.0,13465466.0,-2.3
202505,인천,17314686.0,15536388.0,11.4
202506,인천,15115940.0,13956943.0,8.3
202507,인천,15845417.0,15029458.0,5.4
202508,인천,16161579.0,14945406.0,8.1
202509,인천,15393626.0,15726382.0,-2.1
202510,인천,17471072.0,15355025.0,13.8
202511,인천,15135110.0,13630480.0,11.0
202512,인천,15176378.0,14953648.0,1.5
202301,전남,10612343.0,7100548.0,49.5
202302,전남,8456077.0,8822317.0,-4.2
202303,전남,11146737.0,9556764.0,16.6
202304,전남,11018892.0,8941902.0,23.2
202305,전남,11478579.0,10034230.0,14.4
202306,전남,10039306.0,9021796.0,11.3
202307,전남,10443545.0,9819845.0,6.4
202308,전남,11728479.0,10712268.0,9.5
202309,전남,11959423.0,11267938.0,6.1
202310,전남,12467774.0,10667002.0,16.9
202311,전남,9651887.0,9654754.0,-0.0
202312,전남,9424076.0,8837608.0,6.6
202401,전남,8769432.0,9842752.0,-10.9
202402,전남,10735067.0,8033060.0,33.6
202403,전남,11385854.0,9131980.0,24.7
202404,전남,10578074.0,9694384.0,9.1
202405,전남,11526112.0,10347134.0,11.4
202406,전남,9936570.0,10274856.0,-3.3
202407,전남,10180947.0,15398016.0,-33.9
202408,전남,11818660.0,11887292.0,-0.6
202409,전남,12067006.0,11863880.0,1.7
202410,전남,10604052.0,11735633.0,-9.6
202411,전남,10038032.0,9998443.0,0.4
202412,전남,9138115.0,8592804.0,6.4
202501,전남,11220489.0,10612343.0,5.7
202502,전남,7731437.0,8456077.0,-8.6
202503,전남,11258317.0,11146737.0,1.0
202504,전남,10244154.0,11018892.0,-7.0
202505,전남,13199032.0,11478579.0,15.0
202506,전남,10468944.0,10039306.0,4.3
202507,전남,10972748.0,10443545.0,5.1
202508,전남,12199166.0,11728479.0,4.0
202509,전남,9819310.0,11959423.0,-17.9
202510,전남,15113644.0,12467774.0,21.2
202511,전남,10697522.0,9651887.0,10.8
202512,전남,9769798.0,9424076.0,3.7
202301,전북,8259524.0,5240900.0,57.6
202302,전북,6544125.0,6392701.0,2.4
202303,전북,8103039.0,6933574.0,16.9
202304,전북,7583096.0,6152139.0,23.3
202305,전북,8218654.0,7259158.0,13.2
202306,전북,7425761.0,6341030.0,17.1
202307,전북,7858092.0,7152834.0,9.9
202308,전북,8794499.0,7806208.0,12.7
202309,전북,9308901.0,8252055.0,12.8
202310,전북,9104504.0,7837865.0,16.2
202311,전북,7656243.0,7375284.0,3.8
202312,전북,7195510.0,6400698.0,12.4
202401,전북,6829340.0,7373170.0,-7.4
202402,전북,8398047.0,5917492.0,41.9
202403,전북,8434657.0,6616316.0,27.5
202404,전북,7485709.0,6472326.0,15.7
202405,전북,8443432.0,7307083.0,15.6
202406,전북,7503909.0,7831708.0,-4.2
202407,전북,7458829.0,12269390.0,-39.2
202408,전북,8899079.0,8601078.0,3.5
202409,전북,9483040.0,9014960.0,5.2
202410,전북,8243739.0,8732300.0,-5.6
202411,전북,8164160.0,7787248.0,4.8
202412,전북,6952264.0,6480075.0,7.3
202501,전북,8679636.0,8259524.0,5.1
202502,전북,6129106.0,6544125.0,-6.3
202503,전북,8511468.0,8103039.0,5.0
202504,전북,7384286.0,7583096.0,-2.6
202505,전북,10200606.0,8218654.0,24.1
202506,전북,7956322.0,7425761.0,7.1
202507,전북,8314058.0,7858092.0,5.8
202508,전북,9399484.0,8794499.0,6.9
202509,전북,7971775.0,9308901.0,-14.4
202510,전북,11491386.0,9104504.0,26.2
202511,전북,8734796.0,7656243.0,14.1
202512,전북,7356657.0,7195510.0,2.2
202301,제주,5372801.0,3090038.0,73.9
202302,제주,4931644.0,3866670.0,27.5
202303,제주,5266828.0,4788962.0,10.0
202304,제주,5061833.0,5049282.0,0.2
202305,제주,5146428.0,5319930.0,-3.3
202306,제주,4972198.0,5171156.0,-3.8
202307,제주,5186937.0,5643442.0,-8.1
202308,제주,5761396.0,5213586.0,10.5
202309,제주,4600320.0,4507808.0,2.0
202310,제주,5378362.0,5768480.0,-6.8
202311,제주,4494056.0,5587964.0,-19.6
202312,제주,4456270.0,5276750.0,-15.6
202401,제주,5006330.0,6021704.0,-16.9
202402,제주,4484270.0,5053475.0,-11.3
202403,제주,4980832.0,4804996.0,3.7
202404,제주,4838876.0,5376738.0,-10.0
202405,제주,4948328.0,5353484.0,-7.6
202406,제주,4620595.0,5830584.0,-20.8
202407,제주,5017078.0,8006250.0,-37.3
202408,제주,5584425.0,6506731.0,-14.2
202409,제주,4703055.0,5045789.0,-6.8
202410,제주,4945717.0,6094980.0,-18.9
202411,제주,4403266.0,5252712.0,-16.2
202412,제주,4396102.0,4796743.0,-8.4
202501,제주,4749304.0,5372801.0,-11.6
202502,제주,3724602.0,4931644.0,-24.5
202503,제주,4389290.0,5266828.0,-16.7
202504,제주,4488715.0,5061833.0,-11.3
202505,제주,5287975.0,5146428.0,2.8
202506,제주,4781322.0,4972198.0,-3.8
202507,제주,5423733.0,5186937.0,4.6
202508,제주,5782984.0,5761396.0,0.4
202509,제주,4841711.0,4600320.0,5.2
202510,제주,5905109.0,5378362.0,9.8
202511,제주,4999656.0,4494056.0,11.2
202512,제주,4895485.0,4456270.0,9.9
202301,충남,12629928.0,8811764.0,43.3
202302,충남,11278113.0,10326004.0,9.2
202303,충남,14860090.0,12024418.0,23.6
202304,충남,13524164.0,11461608.0,18.0
202305,충남,14439698.0,12626621.0,14.4
202306,충남,13361870.0,11506940.0,16.1
202307,충남,13292548.0,12133824.0,9.6
202308,충남,14769002.0,12830545.0,15.1
202309,충남,16181560.0,14008796.0,15.5
202310,충남,15880568.0,13886954.0,14.4
202311,충남,12601264.0,12122814.0,4.0
202312,충남,11996369.0,10800100.0,11.1
202401,충남,11568700.0,11582148.0,-0.1
202402,충남,13151092.0,9813254.0,34.0
202403,충남,15301636.0,12180794.0,25.6
202404,충남,14047268.0,12778552.0,9.9
202405,충남,14201551.0,14383915.0,-1.3
202406,충남,13383122.0,13152013.0,1.8
202407,충남,13165198.0,14134498.0,-6.9
202408,충남,14730740.0,14464933.0,1.8
202409,충남,15944562.0,15828110.0,0.7
202410,충남,14865382.0,15424031.0,-3.6
202411,충남,13252918.0,12910660.0,2.6
202412,충남,11856240.0,10997724.0,7.8
202501,충남,13058787.0,12629928.0,3.4
202502,충남,11578287.0,11278113.0,2.7
202503,충남,14764428.0,14860090.0,-0.6
202504,충남,13381154.0,13524164.0,-1.1
202505,충남,16634100.0,14439698.0,15.2
202506,충남,13540062.0,13361870.0,1.3
202507,충남,13992657.0,13292548.0,5.3
202508,충남,16535452.0,14769002.0,12.0
202509,충남,15404784.0,16181560.0,-4.8
202510,충남,18236568.0,15880568.0,14.8
202511,충남,14976101.0,12601264.0,18.8
202512,충남,13301463.0,11996369.0,10.9
202301,충북,8619737.0,5921206.0,45.6
202302,충북,7548436.0,6900072.0,9.4
202303,충북,10033978.0,8101580.0,23.8
202304,충북,9069074.0,7685895.0,18.0
202305,충북,9818924.0,8492057.0,15.6
202306,충북,9187822.0,7866456.0,16.8
202307,충북,9476890.0,8506648.0,11.4
202308,충북,10269494.0,8601481.0,19.4
202309,충북,10832350.0,9188627.0,17.9
202310,충북,10737696.0,9217733.0,16.5
202311,충북,8972064.0,8314306.0,7.9
202312,충북,8197931.0,7355170.0,11.5
202401,충북,7850714.0,7891562.0,-0.5
202402,충북,9137628.0,6662369.0,37.2
202403,충북,10304861.0,8280654.0,24.4
202404,충북,9358408.0,8487584.0,10.3
202405,충북,10080990.0,9754686.0,3.4
202406,충북,9518694.0,8822443.0,7.9
202407,충북,9286070.0,9831616.0,-5.6
202408,충북,10499062.0,10016114.0,4.8
202409,충북,10842552.0,10583706.0,2.4
202410,충북,10330705.0,10536480.0,-2.0
202411,충북,9606597.0,9121178.0,5.3
202412,충북,8188152.0,7625390.0,7.4
202501,충북,9164071.0,8619737.0,6.3
202502,충북,7716310.0,7548436.0,2.2
202503,충북,10154876.0,10033978.0,1.2
202504,충북,9296430.0,9069074.0,2.5
202505,충북,11701610.0,9818924.0,19.2
202506,충북,9968746.0,9187822.0,8.5
202507,충북,10399942.0,9476890.0,9.7
202508,충북,11401537.0,10269494.0,11.0
202509,충북,10605234.0,10832350.0,-2.1
202510,충북,12560180.0,10737696.0,17.0
202511,충북,10775572.0,8972064.0,20.1
202512,충북,9047230.0,8197931.0,10.4
